Run,Condition,BlockNum,NumTrials,FileName
1,NV,1,2,169.jpg
1,NV,1,2,034.jpg
1,PL,2,5,211.jpg
1,PL,2,5,118.jpg
1,PL,2,5,016.jpg
1,PL,2,5,081.jpg
1,PL,2,5,163.jpg
1,NV,3,3,026.jpg
1,NV,3,3,096.jpg
1,NV,3,3,249.jpg
1,PL,4,2,081.jpg
1,PL,4,2,163.jpg
1,NV,5,2,104.jpg
1,NV,5,2,156.jpg
1,PL,6,4,163.jpg
1,PL,6,4,118.jpg
1,PL,6,4,016.jpg
1,PL,6,4,211.jpg
1,NV,7,1,189.jpg
1,PL,8,3,118.jpg
1,PL,8,3,163.jpg
1,PL,8,3,016.jpg
1,NV,9,1,048.jpg
1,PL,10,3,081.jpg
1,PL,10,3,118.jpg
1,PL,10,3,163.jpg
1,NV,11,4,002.jpg
1,NV,11,4,255.jpg
1,NV,11,4,246.jpg
1,NV,11,4,111.jpg
1,PL,12,1,163.jpg
1,NV,13,5,136.jpg
1,NV,13,5,135.jpg
1,NV,13,5,014.jpg
1,NV,13,5,108.jpg
1,NV,13,5,260.jpg
1,PL,14,5,211.jpg
1,PL,14,5,081.jpg
1,PL,14,5,163.jpg
1,PL,14,5,016.jpg
1,PL,14,5,118.jpg
1,NV,15,3,098.jpg
1,NV,15,3,181.jpg
1,NV,15,3,021.jpg
1,PL,16,1,081.jpg
1,NV,17,2,129.jpg
1,NV,17,2,220.jpg
1,PL,18,5,163.jpg
1,PL,18,5,016.jpg
1,PL,18,5,081.jpg
1,PL,18,5,118.jpg
1,PL,18,5,211.jpg
1,NV,19,1,077.jpg
1,PL,20,1,081.jpg
1,NV,21,5,068.jpg
1,NV,21,5,032.jpg
1,NV,21,5,083.jpg
1,NV,21,5,056.jpg
1,NV,21,5,139.jpg
1,PL,22,2,211.jpg
1,PL,22,2,118.jpg
1,NV,23,4,050.jpg
1,NV,23,4,095.jpg
1,NV,23,4,230.jpg
1,NV,23,4,122.jpg
1,PL,24,4,016.jpg
1,PL,24,4,211.jpg
1,PL,24,4,118.jpg
1,PL,24,4,081.jpg
1,NV,25,3,252.jpg
1,NV,25,3,207.jpg
1,NV,25,3,102.jpg
1,PL,26,3,211.jpg
1,PL,26,3,016.jpg
1,PL,26,3,163.jpg
1,NV,27,2,157.jpg
1,NV,27,2,001.jpg
1,PL,28,2,081.jpg
1,PL,28,2,016.jpg
1,NV,29,5,170.jpg
1,NV,29,5,165.jpg
1,NV,29,5,173.jpg
1,NV,29,5,250.jpg
1,NV,29,5,006.jpg
1,PL,30,2,081.jpg
1,PL,30,2,016.jpg
1,NV,31,4,197.jpg
1,NV,31,4,239.jpg
1,NV,31,4,146.jpg
1,NV,31,4,216.jpg
1,PL,32,4,163.jpg
1,PL,32,4,211.jpg
1,PL,32,4,016.jpg
1,PL,32,4,081.jpg
2,PL,1,4,016.jpg
2,PL,1,4,211.jpg
2,PL,1,4,163.jpg
2,PL,1,4,118.jpg
2,NV,2,5,172.jpg
2,NV,2,5,110.jpg
2,NV,2,5,178.jpg
2,NV,2,5,191.jpg
2,NV,2,5,130.jpg
2,PL,3,2,118.jpg
2,PL,3,2,016.jpg
2,NV,4,3,258.jpg
2,NV,4,3,155.jpg
2,NV,4,3,196.jpg
2,PL,5,1,163.jpg
2,NV,6,2,174.jpg
2,NV,6,2,253.jpg
2,PL,7,3,163.jpg
2,PL,7,3,016.jpg
2,PL,7,3,081.jpg
2,NV,8,4,087.jpg
2,NV,8,4,039.jpg
2,NV,8,4,177.jpg
2,NV,8,4,186.jpg
2,PL,9,1,016.jpg
2,NV,10,4,078.jpg
2,NV,10,4,209.jpg
2,NV,10,4,200.jpg
2,NV,10,4,162.jpg
2,PL,11,3,081.jpg
2,PL,11,3,118.jpg
2,PL,11,3,163.jpg
2,NV,12,2,193.jpg
2,NV,12,2,192.jpg
2,PL,13,2,211.jpg
2,PL,13,2,118.jpg
2,NV,14,2,175.jpg
2,NV,14,2,097.jpg
2,PL,15,2,016.jpg
2,PL,15,2,211.jpg
2,NV,16,1,022.jpg
2,PL,17,5,163.jpg
2,PL,17,5,118.jpg
2,PL,17,5,016.jpg
2,PL,17,5,211.jpg
2,PL,17,5,081.jpg
2,NV,18,1,217.jpg
2,PL,19,5,163.jpg
2,PL,19,5,081.jpg
2,PL,19,5,016.jpg
2,PL,19,5,118.jpg
2,PL,19,5,211.jpg
2,NV,20,4,204.jpg
2,NV,20,4,088.jpg
2,NV,20,4,231.jpg
2,NV,20,4,040.jpg
2,PL,21,1,163.jpg
2,NV,22,5,171.jpg
2,NV,22,5,128.jpg
2,NV,22,5,148.jpg
2,NV,22,5,219.jpg
2,NV,22,5,206.jpg
2,PL,23,4,118.jpg
2,PL,23,4,016.jpg
2,PL,23,4,211.jpg
2,PL,23,4,081.jpg
2,NV,24,3,063.jpg
2,NV,24,3,076.jpg
2,NV,24,3,086.jpg
2,PL,25,4,211.jpg
2,PL,25,4,016.jpg
2,PL,25,4,118.jpg
2,PL,25,4,081.jpg
2,NV,26,1,045.jpg
2,PL,27,5,211.jpg
2,PL,27,5,163.jpg
2,PL,27,5,016.jpg
2,PL,27,5,081.jpg
2,PL,27,5,118.jpg
2,NV,28,2,055.jpg
2,NV,28,2,042.jpg
2,PL,29,2,016.jpg
2,PL,29,2,163.jpg
2,NV,30,5,090.jpg
2,NV,30,5,035.jpg
2,NV,30,5,184.jpg
2,NV,30,5,227.jpg
2,NV,30,5,106.jpg
2,PL,31,3,163.jpg
2,PL,31,3,211.jpg
2,PL,31,3,081.jpg
2,NV,32,3,071.jpg
2,NV,32,3,067.jpg
2,NV,32,3,119.jpg
3,PL,1,5,081.jpg
3,PL,1,5,211.jpg
3,PL,1,5,163.jpg
3,PL,1,5,016.jpg
3,PL,1,5,118.jpg
3,NV,2,2,109.jpg
3,NV,2,2,003.jpg
3,PL,3,2,163.jpg
3,PL,3,2,016.jpg
3,NV,4,1,198.jpg
3,PL,5,2,081.jpg
3,PL,5,2,118.jpg
3,NV,6,2,120.jpg
3,NV,6,2,117.jpg
3,PL,7,4,211.jpg
3,PL,7,4,081.jpg
3,PL,7,4,118.jpg
3,PL,7,4,163.jpg
3,NV,8,4,210.jpg
3,NV,8,4,150.jpg
3,NV,8,4,259.jpg
3,NV,8,4,013.jpg
3,PL,9,4,081.jpg
3,PL,9,4,016.jpg
3,PL,9,4,163.jpg
3,PL,9,4,118.jpg
3,NV,10,4,248.jpg
3,NV,10,4,190.jpg
3,NV,10,4,166.jpg
3,NV,10,4,160.jpg
3,PL,11,5,163.jpg
3,PL,11,5,016.jpg
3,PL,11,5,118.jpg
3,PL,11,5,211.jpg
3,PL,11,5,081.jpg
3,NV,12,2,070.jpg
3,NV,12,2,168.jpg
3,PL,13,1,081.jpg
3,NV,14,5,115.jpg
3,NV,14,5,080.jpg
3,NV,14,5,188.jpg
3,NV,14,5,238.jpg
3,NV,14,5,229.jpg
3,PL,15,3,211.jpg
3,PL,15,3,016.jpg
3,PL,15,3,081.jpg
3,NV,16,3,254.jpg
3,NV,16,3,158.jpg
3,NV,16,3,093.jpg
3,PL,17,4,163.jpg
3,PL,17,4,016.jpg
3,PL,17,4,211.jpg
3,PL,17,4,081.jpg
3,NV,18,1,121.jpg
3,PL,19,3,081.jpg
3,PL,19,3,016.jpg
3,PL,19,3,211.jpg
3,NV,20,3,028.jpg
3,NV,20,3,092.jpg
3,NV,20,3,131.jpg
3,PL,21,1,016.jpg
3,NV,22,4,126.jpg
3,NV,22,4,011.jpg
3,NV,22,4,223.jpg
3,NV,22,4,064.jpg
3,PL,23,5,163.jpg
3,PL,23,5,211.jpg
3,PL,23,5,081.jpg
3,PL,23,5,118.jpg
3,PL,23,5,016.jpg
3,NV,24,5,180.jpg
3,NV,24,5,066.jpg
3,NV,24,5,215.jpg
3,NV,24,5,060.jpg
3,NV,24,5,233.jpg
3,PL,25,1,081.jpg
3,NV,26,1,147.jpg
3,PL,27,2,118.jpg
3,PL,27,2,081.jpg
3,NV,28,3,105.jpg
3,NV,28,3,091.jpg
3,NV,28,3,218.jpg
3,PL,29,2,211.jpg
3,PL,29,2,118.jpg
3,NV,30,5,069.jpg
3,NV,30,5,201.jpg
3,NV,30,5,020.jpg
3,NV,30,5,152.jpg
3,NV,30,5,107.jpg
3,PL,31,3,211.jpg
3,PL,31,3,118.jpg
3,PL,31,3,016.jpg
3,NV,32,2,212.jpg
3,NV,32,2,074.jpg
4,NV,1,5,004.jpg
4,NV,1,5,058.jpg
4,NV,1,5,030.jpg
4,NV,1,5,159.jpg
4,NV,1,5,199.jpg
4,PL,2,2,081.jpg
4,PL,2,2,016.jpg
4,NV,3,2,010.jpg
4,NV,3,2,015.jpg
4,PL,4,5,016.jpg
4,PL,4,5,081.jpg
4,PL,4,5,163.jpg
4,PL,4,5,118.jpg
4,PL,4,5,211.jpg
4,NV,5,2,061.jpg
4,NV,5,2,089.jpg
4,PL,6,1,163.jpg
4,NV,7,2,112.jpg
4,NV,7,2,236.jpg
4,PL,8,3,163.jpg
4,PL,8,3,081.jpg
4,PL,8,3,211.jpg
4,NV,9,4,114.jpg
4,NV,9,4,133.jpg
4,NV,9,4,243.jpg
4,NV,9,4,251.jpg
4,PL,10,2,163.jpg
4,PL,10,2,016.jpg
4,NV,11,1,161.jpg
4,PL,12,5,163.jpg
4,PL,12,5,118.jpg
4,PL,12,5,081.jpg
4,PL,12,5,016.jpg
4,PL,12,5,211.jpg
4,NV,13,5,009.jpg
4,NV,13,5,138.jpg
4,NV,13,5,018.jpg
4,NV,13,5,176.jpg
4,NV,13,5,044.jpg
4,PL,14,3,163.jpg
4,PL,14,3,118.jpg
4,PL,14,3,016.jpg
4,NV,15,2,183.jpg
4,NV,15,2,075.jpg
4,PL,16,2,016.jpg
4,PL,16,2,118.jpg
4,NV,17,3,228.jpg
4,NV,17,3,113.jpg
4,NV,17,3,046.jpg
4,PL,18,4,081.jpg
4,PL,18,4,118.jpg
4,PL,18,4,211.jpg
4,PL,18,4,163.jpg
4,NV,19,4,202.jpg
4,NV,19,4,053.jpg
4,NV,19,4,101.jpg
4,NV,19,4,038.jpg
4,PL,20,3,118.jpg
4,PL,20,3,163.jpg
4,PL,20,3,016.jpg
4,NV,21,1,195.jpg
4,PL,22,2,163.jpg
4,PL,22,2,081.jpg
4,NV,23,3,008.jpg
4,NV,23,3,084.jpg
4,NV,23,3,029.jpg
4,PL,24,1,118.jpg
4,NV,25,1,033.jpg
4,PL,26,5,163.jpg
4,PL,26,5,118.jpg
4,PL,26,5,211.jpg
4,PL,26,5,016.jpg
4,PL,26,5,081.jpg
4,NV,27,4,051.jpg
4,NV,27,4,124.jpg
4,NV,27,4,141.jpg
4,NV,27,4,153.jpg
4,PL,28,4,163.jpg
4,PL,28,4,081.jpg
4,PL,28,4,118.jpg
4,PL,28,4,211.jpg
4,NV,29,5,214.jpg
4,NV,29,5,025.jpg
4,NV,29,5,256.jpg
4,NV,29,5,167.jpg
4,NV,29,5,187.jpg
4,PL,30,4,211.jpg
4,PL,30,4,016.jpg
4,PL,30,4,081.jpg
4,PL,30,4,118.jpg
4,NV,31,3,059.jpg
4,NV,31,3,062.jpg
4,NV,31,3,043.jpg
4,PL,32,1,211.jpg
